{
  "mins2": [
    0.5710192322731018,
    0.5321522951126099,
    -0.04587360471487045,
    -3.540517807006836,
    -0.09078686684370041,
    -0.017904719337821007,
    -0.017995469272136688
  ],
  "maxs2": [
    0.9966044425964355,
    8.177427291870117,
    0.5237115025520325,
    16.89124298095703,
    0.9988003969192505,
    0.19873744249343872,
    0.1992308497428894
  ]
}