{
  "s_x0": 0.006561679165255698,
  "s_a1": 0.020405375113698773,
  "s_a2": 0.06173932834034394,
  "s_w1": 0.012445369104708639,
  "s_w2": 0.007923910936979224,
  "s_w3": 0.011904517496672568,
  "s_y1": 8.166251915828363e-05,
  "s_y2": 0.0001616903750366014,
  "s_y3": 0.0007349769144604369
}